year,pkt_inland_yr_capita,country,gdp_capita,tw
1980,10.494642500685496,Australia,31.38279581449115,1
1981,10.547322622995196,Australia,32.01552096308347,1
1982,10.915986574537687,Australia,32.63492025228549,1
1983,10.876302691674894,Australia,31.456766382727665,1
1984,11.252589697205472,Australia,32.41151212246928,1
1985,11.552303472931563,Australia,33.588011978352036,1
1986,11.751099164467899,Australia,34.392363462844735,1
1987,11.85270449854786,Australia,34.67671122619029,1
1988,12.247064016532942,Australia,36.04751835476879,1
1989,12.640494393921266,Australia,36.8547721443756,1
1990,12.840210135015624,Australia,37.61264064895201,1
1991,12.654910733608704,Australia,36.96990208695423,1
1992,12.703949821859556,Australia,36.67902138134266,1
1993,12.913442328012346,Australia,37.72477844130816,1
1994,13.059919349401596,Australia,38.79372447626974,1
1995,13.280914538987385,Australia,39.844986781969034,1
1996,13.339223503216228,Australia,40.94441563990427,1
1997,13.275920693968565,Australia,42.110048720308505,1
1998,13.260957690859149,Australia,43.56346432066095,1
1999,13.408509053651214,Australia,45.260066551580465,1
2000,13.522515096624716,Australia,46.54188258068789,1
2001,13.254852920031258,Australia,46.937386546789526,1
2002,13.42813186433689,Australia,48.29796761140695,1
2003,13.61309528638402,Australia,49.174794361535945,1
2004,14.041027414486923,Australia,50.4837588765012,1
2005,13.87108466227261,Australia,51.32245117139105,1
2006,13.421052733118973,Australia,51.88483080528963,1
2007,13.336996194301012,Australia,52.84069919932707,1
2008,13.161237178886243,Australia,53.70534098932966,1
2009,12.870520123212783,Australia,53.6835108245744,1
2010,12.718126224328593,Australia,53.78657646411645,1
2011,12.635939222646197,Australia,54.168514312979745,1
2012,12.556549104959789,Australia,55.377433902102254,1
2013,12.48755159750587,Australia,55.981209098177814,1
2014,12.48792430920495,Australia,56.583681961786425,1
2015,12.537721523483203,Australia,57.100939029398404,1
2016,12.660922313811152,Australia,57.914356237506695,1
2017,12.709966434817977,Australia,58.27469390316758,1
2018,12.607491670013657,Australia,59.17339522595942,1
1995,17.041558085310655,Canada,37.814389235230074,0
1996,16.905424672414963,Canada,38.040118658078875,0
1997,16.77762087283981,Canada,39.289386116434805,0
1998,16.654453400839387,Canada,40.43384948693875,0
1999,16.533016533016532,Canada,42.12723304520179,0
2000,16.411664705113115,Canada,43.89769837359626,0
2001,15.576424870466322,Canada,44.25259921217212,0
2002,15.812431842966193,Canada,45.1489098069452,0
2003,15.402693089430894,Canada,45.51011372387894,0
2004,15.35024359578815,Canada,46.43234308084826,0
2005,15.941300833229697,Canada,47.39886927761822,0
2006,15.677628545963058,Canada,48.08470677973346,0
2007,15.288664176611704,Canada,48.48940036316465,0
1980,0.07294350802778625,China,0.3910599222294255,0
1985,0.16036794723635145,China,0.6404894828627037,0
1990,0.2226489611550501,China,0.8799187140443535,0
1991,0.240736626883964,China,0.9884924496703195,0
1992,0.26457370488874304,China,1.1047191765274058,0
1993,0.30363048759575884,China,1.2135032002984245,0
1994,0.34310824214240415,China,1.3218343526362883,0
1995,0.3709422275874129,China,1.431166233304487,0
1996,0.3921899018564503,China,1.5301233511205534,0
1997,0.43909806370226206,China,1.633921148026618,0
1998,0.46720865546839496,China,1.7587488846761394,0
1999,0.48374306972606634,China,1.8912528884269788,0
2000,0.5158587301083025,China,2.0494855113605546,0
2001,0.5547620330528892,China,2.2402714190217683,0
2002,0.5970694962030164,China,2.4512764369074085,0
2003,0.585081471659788,China,2.714109737772619,0
2004,0.6612122425996818,China,3.04133858587364,0
2005,0.6982452343595015,China,3.4540848957675823,0
2006,0.7569322979746905,China,3.765951804764117,0
2007,0.8548901406692749,China,4.096727333224554,0
2008,0.9217195429268845,China,4.507096075149291,0
2009,0.9926350071152148,China,4.909347882913546,0
2010,1.0973618709960689,China,5.2654770242887805,0
2011,1.2176007520534082,China,5.642267423722233,0
2012,1.334161967221642,China,6.020309573006114,0
2013,0.8083222512237077,China,6.4002270215959705,0
2014,0.7857921732332753,China,6.792097160079932,0
2015,0.7636006164134291,China,7.222591827395355,0
2016,0.723362486024176,China,7.660074511650587,0
1980,7.356767411300919,Austria,27.376200491746058,1
1981,7.587376725838264,Austria,27.354672925398585,1
1982,7.784661931070758,Austria,27.91585623669141,1
1983,7.993423648559767,Austria,28.742039499981505,1
1984,8.233732088865505,Austria,28.741655265734888,1
1985,8.30479317137229,Austria,29.42886803389691,1
1986,8.45783606557377,Austria,30.066658395235656,1
1987,8.644586987825644,Austria,30.418862408876368,1
1988,8.654915785350568,Austria,31.339379168783253,1
1989,8.730454013269156,Austria,32.43897270439845,1
1990,8.76773692387364,Austria,33.68651095231785,1
1991,8.75234787083494,Austria,34.62621074653448,1
1992,8.708977142127441,Austria,35.089291370534575,1
1980,7.5439254230418475,Belgium,27.401494984690064,0
1981,7.659548628681307,Belgium,27.291782712323524,0
1982,7.612234580384226,Belgium,27.42918070454689,0
1983,7.594665589007881,Belgium,27.49247771606322,0
1984,7.658186957399555,Belgium,28.14779545402565,0
1985,7.696480790561662,Belgium,28.580999763860355,0
1986,7.796152684056803,Belgium,29.066792930981844,0
1987,8.090927378797023,Belgium,29.698382822519047,0
1988,8.35154131940957,Belgium,31.048009117655827,0
1989,8.632765531062123,Belgium,32.05751713387713,0
1990,9.209353452583182,Belgium,32.974083058850994,0
1991,9.295945811335791,Belgium,33.47149060558354,0
1992,9.40146854534629,Belgium,33.85231243662712,0
1993,9.731594031030726,Belgium,33.3908507800147,0
1994,9.993796770382039,Belgium,34.34278947154853,0
1995,10.232475947378754,Belgium,35.058222841284916,0
1996,10.197492163009404,Belgium,35.54008149054357,0
1997,10.49911971830976,Belgium,36.80109492676545,0
1998,11.034482758620689,Belgium,37.480361668686506,0
1999,11.356411506582154,Belgium,38.747771666260356,0
2000,11.612526745769307,Belgium,40.05028472941943,0
2001,11.771489485415252,Belgium,40.230540414110195,0
2002,11.959479015918957,Belgium,40.765121761750784,0
2003,11.971398406756887,Belgium,40.8679608111533,0
2004,12.099236641221374,Belgium,42.10685846459774,0
2005,12.03754622167441,Belgium,42.71560195860641,0
2006,12.052924004143517,Belgium,43.489232913329,0
2007,12.227519162460272,Belgium,44.656938605273766,0
2008,12.118007236292792,Belgium,44.66847349754877,0
2009,12.068139963167589,Belgium,43.33635755226318,0
2010,11.589084925495932,Belgium,44.204040968131515,0
2011,11.588886871254767,Belgium,44.692544294654816,0
2012,11.551285520974288,Belgium,44.5105442981436,0
2013,10.895642818719741,Belgium,44.323958652900586,0
2014,11.048926120666705,Belgium,44.61210567187818,0
2015,10.829199149539333,Belgium,45.108611325183546,0
2016,10.524925136515765,Belgium,45.51401922814922,0
1980,2.85448811803131,Bulgaria,3.2174679351988806,0
1981,3.0126895002807412,Bulgaria,3.365274736681793,0
1982,3.070092934721756,Bulgaria,3.4338135613050755,0
1983,3.1640790796381104,Bulgaria,3.5428765445105475,0
1984,3.2477422232132906,Bulgaria,3.656673356965442,0
1985,3.2816713091922005,Bulgaria,3.752287968287561,0
1986,3.358185668115461,Bulgaria,3.911040797223489,0
1987,3.619462113603392,Bulgaria,4.153390106858453,0
1988,3.6084815933758536,Bulgaria,4.620340242073202,0
1989,3.557316250842886,Bulgaria,4.487921452624097,0
1990,3.4419183350299742,Bulgaria,4.105037106282166,0
1991,2.531994981179423,Bulgaria,3.7900751287286933,0
1992,2.282964499769479,Bulgaria,3.551308160116179,0
1993,1.9848414179104474,Bulgaria,3.5395382055595737,0
1994,1.8391740412979352,Bulgaria,3.6468364074166897,0
1993,6.303407664832513,Czech Republic,12.278399489102924,0
1994,6.102982337612259,Czech Republic,12.633177226441978,0
1995,6.321007916586275,Czech Republic,13.423024744894626,0
1996,6.3647342995169085,Czech Republic,14.000667258737169,0
1997,6.339137163861474,Czech Republic,13.933565151209434,0
1998,6.6318899544706,Czech Republic,13.907943528993963,0
1999,6.893945274597312,Czech Republic,14.130492962704524,0
2000,7.123238409952376,Czech Republic,14.757747911528696,0
2001,7.212345438613643,Czech Republic,15.213630712667337,0
2002,7.311548966055403,Czech Republic,15.493695828024409,0
2003,7.501611485496704,Czech Republic,16.072312466904428,0
2004,7.430999121007984,Czech Republic,16.86090975490482,0
2005,7.530512770520571,Czech Republic,17.92924226108967,0
2006,7.683367317215264,Czech Republic,19.081759469024604,0
2007,7.82573855956756,Czech Republic,20.03606283243497,0
2008,7.841630695443644,Czech Republic,20.441263688268133,0
2009,7.797864225781837,Czech Republic,19.342665450432936,0
2010,7.059504602828128,Czech Republic,19.69041088517323,0
2011,7.07457178007003,Czech Republic,19.98357988525229,0
2012,6.925148851715339,Czech Republic,19.797512336012076,0
2013,6.959100783980354,Czech Republic,19.69059170998335,0
2014,7.201397412897744,Czech Republic,20.217575665382903,0
2015,7.518243561928182,Czech Republic,21.27089157226859,0
2016,7.770232601939919,Czech Republic,21.755203777298505,0
2017,8.0354102058078,Czech Republic,22.655184853067063,0
2018,8.33690230639422,Czech Republic,23.255956747419003,0
1980,9.159640905542545,Denmark,36.37128319245219,0
1981,8.953560975609756,Denmark,36.1219512195122,0
1982,9.0601210228382,Denmark,37.4675380655409,0
1983,9.3220703125,Denmark,38.462743163108826,0
1984,9.767787333854574,Denmark,40.09648577322524,0
1985,10.123777864685179,Denmark,41.718132010091786,0
1986,10.529618768328426,Denmark,43.75553970113178,0
1987,10.93609536837991,Denmark,43.849629724028055,0
1988,11.275087856306131,Denmark,43.80085746648953,0
1989,11.424366471734892,Denmark,44.01472065648605,0
1990,11.476950009725734,Denmark,44.568477171308174,0
1991,11.565664403491756,Denmark,45.06688233605874,0
1992,11.591067285382831,Denmark,45.79781859029843,0
1993,11.506068194952803,Denmark,45.635052164541094,0
1994,11.535405872193436,Denmark,47.88403025151123,0
1995,11.712593158799924,Denmark,49.12638431886585,0
1996,11.901807802093245,Denmark,50.33945070914605,0
1997,12.0079575596817,Denmark,51.75444157388275,0
1998,12.064528301886792,Denmark,52.68284059920401,0
1999,12.21533258173619,Denmark,54.01173806289048,0
2000,12.019097547275791,Denmark,55.83616312780846,0
2001,11.83016050765211,Denmark,56.11716139089621,0
2002,11.813325888702796,Denmark,56.2214669448226,0
2003,11.883423055503993,Denmark,56.29408875134874,0
2004,12.114010734776976,Denmark,57.62497080976426,0
2005,12.083548506086315,Denmark,58.764821794454306,0
2006,12.15852314474651,Denmark,60.817513896821616,0
2007,12.397623400365632,Denmark,61.078790249728634,0
2008,12.33012004365226,Denmark,60.45658226748659,0
2009,12.167209554831706,Denmark,57.198965243140385,0
2010,11.99135913591359,Denmark,57.96495604150259,0
2011,11.931219774314904,Denmark,58.44522346716605,0
2012,11.947781144181073,Denmark,58.28527281616189,0
2013,11.981376374600924,Denmark,58.5475460186458,0
2014,11.83378363700565,Denmark,59.22253926595052,0
2015,11.87275012480225,Denmark,60.34355143458044,0
2016,11.651955454386272,Denmark,61.55357033541356,0
1980,9.043441938178779,Finland,25.615212512992276,0
1981,9.230769230769232,Finland,25.82819694788689,0
1982,9.513960703205791,Finland,26.48793233340874,0
1983,9.851912793089264,Finland,27.162951238358378,0
1984,10.188216039279869,Finland,27.88687610782305,0
1985,10.649562207289758,Finland,28.73792669676492,0
1986,10.892494929006086,Finland,29.407586335652258,0
1987,11.03922361504246,Finland,30.35571340891788,0
1988,11.50977625478734,Finland,31.840639089389423,0
1989,11.733976290938315,Finland,33.353027196588684,0
1990,11.949559647718175,Finland,33.45071992652716,0
1991,11.695556883841403,Finland,31.32807854566709,0
1992,11.595639246778989,Finland,30.130449489748514,0
1993,11.376182965299686,Finland,29.749930469019557,0
1994,11.300765155974126,Finland,30.77019086556743,0
1995,11.330337956632155,Finland,31.926928052773675,0
1996,11.368503017325288,Finland,32.97911457034292,0
1997,11.626552795031055,Finland,34.938886298896364,0
1998,11.831913245546088,Finland,36.74995132789051,0
1999,12.074961360123647,Finland,38.29418341564432,0
2000,12.220508866615267,Finland,40.35843530800496,0
2001,12.442307692307692,Finland,41.30446507380559,0
2002,12.660656052177274,Finland,41.893782506811476,0
2003,12.867801798354696,Finland,42.61468887694004,0
2004,13.076115986264785,Finland,44.161037196188836,0
2005,13.205932686822615,Finland,45.24197300071167,0
2006,13.264165245404586,Finland,46.91604576667466,0
2007,13.462627406568542,Finland,49.152943088046285,0
2008,13.33709343861628,Finland,49.31171300335472,0
2009,13.453762635716961,Finland,45.0393551077034,0
2010,13.470928065598212,Finland,46.17961609136956,0
2011,13.549165120593694,Finland,47.15590043501421,0
2012,13.445983379501385,Finland,46.26876253390466,0
2013,13.358154072439786,Finland,45.715410583574645,0
2014,13.37850210584142,Finland,45.24361163874376,0
2015,13.47108191935778,Finland,45.30421053269249,0
2016,11.870134594397985,Finland,46.41604293429153,0
2017,13.572854291417165,Finland,47.53484641158025,0
2018,13.54336411370632,Finland,48.53633208570976,0
1980,8.939277493131359,France,27.65518248528231,0
1981,9.187413388518301,France,27.822562630205926,0
1982,9.226397749627697,France,28.378922678355565,0
1983,9.411632373113855,France,28.5861835383802,0
1984,9.529336850723187,France,28.86884826921109,0
1985,9.52968962084879,France,29.18348470302461,0
1986,9.983382842740102,France,29.71371176734517,0
1987,10.296267774633762,France,30.31959371096408,0
1988,10.651302426682822,France,31.591964779859158,0
1989,10.825154244379851,France,32.804749517709354,0
1990,11.384933029805707,France,33.603996521757594,0
1991,11.46851389816216,France,33.80582384304615,0
1992,11.677620872486745,France,34.206567875391535,0
1993,11.736203590726863,France,33.864853759042184,0
1994,11.859221699341887,France,34.52851220965133,0
1995,12.010328362340404,France,35.117349353720456,0
1996,12.027632214024683,France,35.47589443374862,0
1997,12.186874151938287,France,36.17475851040647,0
1998,12.48817671617275,France,37.31826720610762,0
1999,12.716084082856385,France,38.41881948259495,0
2000,12.658713886300093,France,39.697306994249345,0
2001,12.981914320355672,France,40.221674622478346,0
2002,12.996438305770614,France,40.386578021012745,0
2003,12.931736705835512,France,40.41413109212149,0
2004,12.806402187880984,France,41.2350088694747,0
2005,12.553828534031414,France,41.60866862192204,0
2006,12.451494903184903,France,42.32745665268504,0
2007,12.464691525642891,France,43.07490770569672,0
2008,12.162388078895358,France,42.92314704765395,0
2009,12.106502726124427,France,41.43815070856251,0
2010,12.14918893129771,France,42.026234401091365,0
2011,12.092768340134763,France,42.715414809372135,0
2012,12.050563211880958,France,42.6186245973547,0
2013,12.034447678968291,France,42.64286234818606,0
2014,12.122815216375361,France,42.8494179691151,0
2015,12.336384652382355,France,43.15218974970133,0
2016,12.572261396672232,France,43.512373264935896,0
2017,12.576099193436454,France,44.33277556583787,0
2018,12.549152959640566,France,44.9947667032743,0
1980,6.797133477255598,Germany,26.066247683185527,0
1981,6.566548881036513,Germany,26.262911684582562,0
1982,6.756409927366989,Germany,26.220311815757096,0
1983,6.886974411726888,Germany,26.686023792111357,0
1984,7.026080687932854,Germany,27.47044025944717,0
1985,6.9286413015497095,Germany,28.10631707676627,0
1986,7.246227797342107,Germany,28.70708238378949,0
1987,7.489489335520918,Germany,29.03124501804918,0
1988,7.8229555090156815,Germany,29.995232916416583,0
1989,7.981184846173404,Germany,31.024556338196035,0
1990,8.219697927998583,Germany,32.492148118295724,0
1991,9.689147199053982,Germany,33.964180595130266,0
1992,9.867063516876556,Germany,34.4132488912841,0
1993,9.942931032339082,Germany,33.88671814290399,0
1994,10.832209617359247,Germany,34.54591202888981,0
1995,10.892419181897731,Germany,35.013648333222925,0
1996,10.87501844473956,Germany,35.21972283992886,0
1997,10.873597955748842,Germany,35.837956585768865,0
1998,11.002051521442699,Germany,36.54561688835178,0
1999,11.259368472785354,Germany,37.27778073742167,0
2000,11.060060687215145,Germany,38.3767761942037,0
2001,11.310678419721562,Germany,39.002050812421736,0
2002,11.412276936285032,Germany,38.96330467743914,0
2003,11.33629034234324,Germany,38.64925518293435,0
2004,11.653883839992162,Germany,39.08611387594769,0
2005,11.511696873889429,Germany,39.38308135596271,0
2006,11.599715239591518,Germany,40.90598466727833,0
2007,11.661298260291836,Germany,42.34055903234885,0
2008,11.72972639577628,Germany,42.910743035574406,0
2009,11.862719406674906,Germany,40.58275069530284,0
2010,11.912999369022716,Germany,42.27664620017909,0
2011,12.025786583555952,Germany,43.808253639185715,0
2012,12.007940918577797,Germany,43.96017687801798,0
2013,12.075861729125105,Germany,44.06601434495657,0
2014,12.21841620626151,Germany,44.87322971819368,0
2015,12.33412400503749,Germany,45.465445876178414,0
2016,12.50389322821617,Germany,46.25470982237906,0
2017,12.284606450676296,Germany,46.98721997757331,0
1982,1.6756149841788301,Greece,18.338415152298694,0
1983,1.691004969070074,Greece,18.02287514221111,0
1984,1.7985074626865671,Greece,18.283265403510583,0
1985,1.917736757624398,Greece,18.64432217030043,0
1986,1.9349975037443834,Greece,18.652886149291685,0
1987,1.9861787809485931,Greece,18.155405485121527,0
1988,2.096921096921087,Greece,18.851406821377523,0
1989,2.2627018511224892,Greece,19.461790658020043,0
1990,2.369743790338353,Greece,19.328568934368427,0
1991,2.394958797867184,Greece,19.755813813128636,0
1992,2.4343570057581574,Greece,19.693636024753328,0
1993,2.5455667362825136,Greece,19.168821167896066,0
1994,2.799718177548145,Greece,19.348317975446953,0
1995,2.92685650474597,Greece,19.568908509652758,0
1996,3.1490952732644013,Greece,19.969182317330883,0
1997,3.2942417018155448,Greece,20.723068318453766,0
1998,3.4619872379216043,Greece,21.404602273334234,0
1999,3.626496191512547,Greece,21.94624670095813,0
2000,3.6507850568489437,Greece,22.695357221662942,0
2001,3.689868870127537,Greece,23.52266635418538,0
2002,3.7391343230191376,Greece,24.340497724614615,0
2003,3.746234067207407,Greece,25.665987726944806,0
2004,3.7913662661326213,Greece,26.926540617524758,0
2005,3.78476614699331,Greece,27.112001278883632,0
2006,3.78265534197586,Greece,28.74692832459069,0
2007,3.82886690647482,Greece,29.86156820393295,0
2008,3.820833333333325,Greece,29.977143329122793,0
1980,5.804630835038126,Hungary,7.824139189760061,0
1981,6.122278056951481,Hungary,8.055167426260791,0
1982,6.581000373273601,Hungary,8.306687694291831,0
1983,6.605586278001686,Hungary,8.404187470526466,0
1984,6.769803145898088,Hungary,8.669069665091582,0
1985,6.98656066628816,Hungary,8.689525112518272,0
1986,6.613461355642171,Hungary,8.865605222033121,0
1987,6.798090692124105,Hungary,9.259389362926985,0
1988,7.107618591279349,Hungary,9.492904304829748,0
1989,7.127090944049222,Hungary,9.595588224939466,0
1990,6.852076708104462,Hungary,9.280025103170999,0
1991,6.663224934864422,Hungary,8.860999525806958,0
1992,6.175016893522541,Hungary,8.592798737718258,0
1993,6.103388357949609,Hungary,8.543294948412537,0
1994,6.134388878161867,Hungary,8.795928071193924,0
1995,6.236544593680549,Hungary,8.93470881376673,0
1996,6.2548393341076265,Hungary,8.950676882954655,0
1997,6.297535894450912,Hungary,9.271179838702343,0
1998,6.266439688715954,Hungary,9.690214966057804,0
1999,6.273197385110742,Hungary,10.02927570415597,0
2000,6.322473339203601,Hungary,10.480056850775593,0
2001,6.328460708329246,Hungary,10.912439089393073,0
2002,6.363922494344448,Hungary,11.435746513449995,0
2003,6.5202642737402625,Hungary,11.90631303334892,0
2004,6.6767846549338215,Hungary,12.53558930752906,0
2005,6.606979972238747,Hungary,13.122004883974382,0
2006,6.924224343675418,Hungary,13.668010229142585,0
2007,7.027833200319234,Hungary,13.771256540455253,0
2008,7.10408326661329,Hungary,13.933552848137884,0
2009,7.076714529571243,Hungary,13.057064849672722,0
2010,6.935126422887076,Hungary,13.188540136945011,0
2011,6.922999191592563,Hungary,13.449160823344027,0
2012,6.960766423357671,Hungary,13.272669870294614,0
2013,6.994915598942445,Hungary,13.591889712489037,0
2014,7.155805915349312,Hungary,14.20799772816006,0
2015,7.386047923910827,Hungary,14.751073065211779,0
2016,7.687570808981851,Hungary,15.126191077324766,0
2017,8.093011305241522,Hungary,15.78920527082798,0
2018,8.5091275236918,Hungary,16.606807512268393,0
1980,6.776872704040889,Italy,24.486981038372466,0
1981,6.992213078488629,Italy,24.625530062328554,0
1982,7.424026833789389,Italy,24.66626284728352,0
1983,7.015784374174227,Italy,24.901909359035056,0
1984,7.393964440849058,Italy,25.660906528492823,0
1985,7.759102165551399,Italy,26.34463524720854,0
1986,8.163449389302274,Italy,27.075734714870666,0
1987,8.769716531013191,Italy,27.928217722731898,0
1988,9.467606720684696,Italy,29.094529187877075,0
1989,9.804555576987164,Italy,30.074559790852078,0
1990,10.632257046697518,Italy,30.66155981037898,0
1991,10.924099635650224,Italy,31.111456353568176,0
1992,11.815906903491118,Italy,31.33972045140104,0
1993,11.702944158886675,Italy,31.043661945812136,0
1994,11.886968224560423,Italy,31.70255028339327,0
1995,12.275859656487215,Italy,32.64057117923466,0
1996,12.549180758783827,Italy,33.12359800433168,0
1997,12.808238436665285,Italy,33.8269741445022,0
1998,13.271310998713497,Italy,34.471175736296765,0
1999,13.330874046879394,Italy,35.06263317074758,0
2000,14.243297114231284,Italy,36.34040437942082,0
2001,14.299358241758242,Italy,36.86542324862637,0
2002,14.141930293968487,Italy,36.757989768047324,0
2003,14.059011552158431,Italy,36.56931803993312,0
2004,14.078484158210811,Italy,36.90229700146036,0
2005,13.348569859817093,Italy,37.039891625540484,0
2006,13.311651264882222,Italy,37.61403710467093,0
2007,13.272162456594266,Italy,38.03522932429615,0
2008,13.217423033841351,Italy,37.52456571293405,0
2009,13.900754576523534,Italy,35.35703631240906,0
2010,13.495305520438247,Italy,35.82062114807206,0
2011,12.884458541005873,Italy,35.86755554847581,0
2012,11.359241136291521,Italy,34.68762916673625,0
2013,12.00222713447571,Italy,33.92500289883262,0
2014,12.344413176626388,Italy,33.82694652944463,0
2015,12.859288850737892,Italy,34.0448253762195,0
2016,13.313568402485865,Italy,34.38656491601141,0
2017,13.977865312984145,Italy,34.92070825616203,0
2018,13.628977188381436,Italy,35.24772571935777,0
2002,5.382293178519594,Lithuania,8.012247846849771,0
2003,6.437024018746357,Lithuania,8.937044037526743,0
2004,8.55930198166223,Lithuania,9.615370381763439,0
2005,11.381578947368423,Lithuania,10.473000375848068,0
2006,12.944293066908871,Lithuania,11.388306902135605,0
2007,12.976066277999356,Lithuania,12.821724239980272,0
2008,12.742919389978212,Lithuania,13.34707958840003,0
2009,12.136722450268392,Lithuania,11.53496638961421,0
2010,11.17701664532654,Lithuania,11.885494031918377,0
2011,10.479403178722023,Lithuania,12.771365165401114,0
2012,12.008535784635589,Lithuania,13.42119077906668,0
2013,11.912927883017613,Lithuania,14.061548417491666,0
2014,9.10063951531471,Lithuania,14.745201899202051,0
2015,9.31855388813097,Lithuania,15.243244041036942,0
2016,9.762975778546712,Lithuania,15.82868635448205,0
2017,11.892794376098418,Lithuania,16.74471622192168,0
2018,11.675116029989288,Lithuania,17.60195153647344,0
2014,4.5107866139534885,Malta,23.925572772358738,0
2015,4.502044635944701,Malta,25.985878184094407,0
2016,4.514074541284404,Malta,27.219654223240845,0
2017,4.525994584474896,Malta,28.835560088832693,0
1980,8.573649985863726,The Netherlands,30.079674174767415,1
1981,8.541901012373453,The Netherlands,29.68450874525999,1
1982,8.681357117873382,The Netherlands,29.17058837292869,1
1983,8.847894187260703,The Netherlands,29.62931796643861,1
1984,9.184097520432257,The Netherlands,30.382077372591205,1
1985,9.266914703045336,The Netherlands,31.002793739826636,1
1986,9.502603453000885,The Netherlands,31.687808905800605,1
1987,9.521215010556427,The Netherlands,32.10839547781661,1
1988,9.685934750236903,The Netherlands,33.00873707479144,1
1989,9.913242316228395,The Netherlands,34.247542880347744,1
1990,10.05011693952556,The Netherlands,35.451306955813564,1
1991,9.166943245934284,The Netherlands,36.074949632322436,1
1992,9.402611103784844,The Netherlands,36.44607344733927,1
1993,9.15640555410014,The Netherlands,36.65785555880788,1
1994,9.28492419806103,The Netherlands,37.495291607700565,1
1995,9.412981639513834,The Netherlands,38.41619735729611,1
1996,9.451905159673645,The Netherlands,39.54353374188807,1
1997,9.63909294155222,The Netherlands,41.00147248532817,1
1998,9.6595960878954,The Netherlands,42.60927595450856,1
1999,9.876231371558536,The Netherlands,44.50737475505798,1
2000,9.830026371970424,The Netherlands,46.13176302950001,1
2001,9.80665501311025,The Netherlands,46.8411368814088,1
2002,9.90856610800745,The Netherlands,46.62190300570298,1
2003,9.980865378680328,The Netherlands,46.49165883254699,1
2004,10.281144471050533,The Netherlands,47.1852948346937,1
2005,10.071118714486467,The Netherlands,47.96904967527074,1
2006,9.95316301703163,The Netherlands,49.43640864388496,1
2007,10.092990852365661,The Netherlands,51.05672350887123,1
2008,9.852486721390692,The Netherlands,51.7330307824669,1
1985,2.4798836645661657,Poland,6.226086016842087,0
1986,2.571734475374732,Poland,6.449906065326176,0
1987,2.6900969529085876,Poland,6.543956685873992,0
1988,2.893413268960402,Poland,6.786744430197547,0
1989,3.0149076203314302,Poland,6.7731914621597715,0
1990,3.0136986301369864,Poland,5.971083324500708,0
1991,3.2250610508625894,Poland,5.534244955354506,0
1992,3.34069846588824,Poland,5.6563493774676115,0
1993,3.449283308529803,Poland,5.852021491514174,0
1994,3.5573211076089506,Poland,6.147632918350023,0
1995,3.763072362775943,Poland,6.563040490994671,0
1996,4.040093482212413,Poland,6.951317877560212,0
1997,4.284031651316642,Poland,7.393621795294055,0
1998,4.541411679286381,Poland,7.731000561769072,0
1999,4.569850653391413,Poland,8.08905170458873,0
2000,4.911507638042391,Poland,8.460289951453793,0
2001,4.872488969634051,Poland,8.571877616923906,0
2002,4.8812647769492585,Poland,8.756198757680767,0
2003,5.019093699599396,Poland,9.079223207303373,0
2004,5.153515625000001,Poland,9.555940628051758,0
2005,5.250723240115718,Poland,9.897782999001066,0
2006,5.352479532773635,Poland,10.51353641177216,0
2007,5.474382708001982,Poland,11.253436702769747,0
2008,5.744531636989337,Poland,11.730451971975455,0
2009,5.9100177304964285,Poland,12.06285335841555,0
2010,6.0125489172971305,Poland,12.505125806625848,0
2011,5.987123566745893,Poland,13.14728622522209,0
2012,5.983807256651058,Poland,13.379649650443405,0
2013,6.0568426018135115,Poland,13.590410549352363,0
2014,6.200677325352445,Poland,14.066099842010743,0
2015,6.261502865856865,Poland,14.627978510489793,0
2016,6.583274105662166,Poland,15.093833957280397,0
2017,6.787605722867758,Poland,15.834211012222353,0
2018,7.077316597225859,Poland,16.66319799677216,0
1980,3.7534611834683624,Portugal,12.40633832602706,0
1981,3.787801649526525,Portugal,12.517227003499357,0
1982,3.9509674804984294,Portugal,12.719758870137666,0
1983,4.018984146218322,Portugal,12.656709443171037,0
1984,4.152807176695898,Portugal,12.396234236060582,0
1985,4.300533789908349,Portugal,12.733982749690773,0
1986,4.463026395325407,Portugal,13.265298831470066,0
1987,4.6348597942303815,Portugal,14.128890661840265,0
1988,4.848974643903425,Portugal,15.210031535796704,0
1989,4.989384288747346,Portugal,16.202751347105323,0
1990,5.133906013137948,Portugal,16.836035884107346,0
1991,5.435659540137152,Portugal,17.534256750847746,0
1992,6.017485679831172,Portugal,17.662943074384795,0
1993,6.485945783735121,Portugal,17.222427470428627,0
1994,6.983573917371827,Portugal,17.305505352865232,0
1995,7.3818253889604595,Portugal,17.96439570320242,0
1996,7.746200907835011,Portugal,18.51366312987992,0
1997,8.098280098280098,Portugal,19.255215131679975,0
1998,8.532406500881144,Portugal,20.100835766931418,0
1999,9.076548025353485,Portugal,20.79891091378824,0
2000,9.148684082742545,Portugal,21.498618709863916,0
2001,9.187602746349484,Portugal,21.82315080888197,0
2002,9.202772963604854,Portugal,21.89564535022356,0
2003,9.256088207094919,Portugal,21.599589829705476,0
2004,9.340941648362232,Portugal,21.90477788169429,0
2005,9.280357822611336,Portugal,21.995018769181815,0
2006,9.219576970501755,Portugal,22.262460353489136,0
2007,9.242599073110753,Portugal,22.752501165631205,0
2008,9.13223218499292,Portugal,22.750501646192188,0
1993,5.423414999064896,Slovak Republic,7.760112299436672,0
1994,5.196158866306163,Slovak Republic,8.217079835486654,0
1995,5.426604651162791,Slovak Republic,8.677828056867732,0
1996,5.402042711234912,Slovak Republic,9.246997603024171,0
1997,5.293452049712483,Slovak Republic,9.797147376885375,0
1998,5.21631139944393,Slovak Republic,10.18263540188398,0
1999,5.441645053723602,Slovak Republic,10.15610569448284,0
2000,5.9944434154473045,Slovak Republic,10.277108851130924,0
2001,5.983148148148147,Slovak Republic,10.615979653817636,0
2002,6.15074074074074,Slovak Republic,11.096118644431785,0
2003,6.107592592592592,Slovak Republic,11.69738557603624,0
2004,5.96666049268383,Slovak Republic,12.314812168630764,0
2005,6.216706797555103,Slovak Republic,13.146180182745068,0
2006,6.2485645489905535,Slovak Republic,14.25741230653246,0
2007,6.247638451565105,Slovak Republic,15.7971510204436,0
2008,6.105204667531005,Slovak Republic,16.686496215300288,0
2009,5.872060729494538,Slovak Republic,15.775819328885856,0
2010,5.925425610658771,Slovak Republic,16.561992427845695,0
2011,5.957663154002589,Slovak Republic,17.013150633185866,0
2012,5.9529085872576175,Slovak Republic,17.27592066714638,0
2013,5.9610844706750274,Slovak Republic,17.510807061274527,0
2014,5.992263768649854,Slovak Republic,17.969214031327024,0
2015,6.033664459161148,Slovak Republic,18.69529937452214,0
2016,6.18614479970599,Slovak Republic,19.25834843622591,0
2017,6.2500000000000115,Slovak Republic,19.85048442510085,0
2018,6.363286264441603,Slovak Republic,20.647201104359166,0
1990,9.884346959122633,Slovenia,14.394613705270908,0
1991,9.04382470119522,Slovenia,13.100433159634411,0
1992,8.756109725685738,Slovenia,12.411558003794227,0
1993,8.932033983008496,Slovenia,12.79000983364519,0
1994,9.639598997493684,Slovenia,13.511718902970316,0
1995,10.271722752385788,Slovenia,15.054283161249625,0
1996,11.108597285067873,Slovenia,15.59930401510063,0
1997,11.771011575239113,Slovenia,16.41361714609324,0
1998,11.502767991947666,Slovenia,16.95290629324996,0
1999,12.17907444668008,Slovenia,17.838084721709162,0
2000,11.985412474849044,Slovenia,18.57933527986768,0
2001,12.176144942123864,Slovenia,19.136934707557224,0
2002,12.393558127830913,Slovenia,19.871086347145216,0
2003,12.46327967806836,Slovenia,20.42555856992541,0
2004,12.693467336683417,Slovenia,21.293015216463175,0
2005,12.81754385964907,Slovenia,22.089875491340656,0
2006,13.056443556443558,Slovenia,23.257671893536155,0
2007,13.71272365805169,Slovenia,24.74851778913919,0
2008,13.852694018783984,Slovenia,25.42624141223585,0
2009,14.24336283185841,Slovenia,23.316901928086786,0
2010,14.106216348507095,Slovenia,23.50151894784592,0
1980,4.217597750543796,Spain,17.34488871415178,1
1981,4.216396292004634,Spain,17.196920489933373,1
1982,4.335749803716305,Spain,17.302823060471734,1
1983,3.9257282690755737,Spain,17.516044334864663,1
1984,3.651462927929105,Spain,17.748256919327638,1
1985,3.9127897970775027,Spain,18.09135039528418,1
1986,4.188053325097797,Spain,18.621269164812865,1
1987,4.449786928171689,Spain,19.604769833690057,1
1988,4.721150644227567,Spain,20.558639952795602,1
1989,4.994146067128479,Spain,21.506939238086034,1
1990,5.299721960054077,Spain,22.272375096253793,1
1991,5.5547214941856025,Spain,22.783638427007524,1
1992,5.817944228768618,Spain,22.92999804196877,1
1993,5.957479637780139,Spain,22.622871948927664,1
1994,6.1347453353504795,Spain,23.088433077644353,1
1995,6.313343554427325,Spain,23.649364261175133,1
1996,6.43629256558671,Spain,24.207704669235792,1
1997,6.78908455101786,Spain,25.02187721973742,1
1998,7.983980896472812,Spain,25.99089867166901,1
1999,8.43745983091907,Spain,26.98736407207878,1
2000,8.089724433557867,Spain,28.156533460272502,1
2001,8.144437183862165,Spain,28.93299798991542,1
2002,8.64923664122135,Spain,29.339477306103888,1
2003,8.712954268006362,Spain,29.794232141625685,1
2004,8.85864043594717,Spain,30.232400701263334,1
2005,8.881914627774371,Spain,30.85145439238596,1
2006,8.72601667821771,Spain,31.629070498690727,1
2007,8.859010764049392,Spain,32.315439597366286,1
2008,8.75805856432744,Spain,32.222675349238436,1
2009,8.74643654473641,Spain,30.727616417721283,1
2010,8.364002471713793,Spain,30.504710684801893,1
2011,8.278035001274336,Spain,30.101905429325846,1
2012,7.980281749994666,Spain,29.233636441279508,1
2013,7.891905137329271,Spain,28.815816891586852,1
2014,7.4430929069220575,Spain,29.309025142695283,1
2015,7.797865958176187,Spain,30.446237924371147,1
2016,8.098018613029137,Spain,31.43777007605107,1
1980,10.113035113035112,Sweden,31.073676215277775,1
1981,10.042042042042043,Sweden,31.181263050159536,1
1982,10.145275543282507,Sweden,31.555450582349696,1
1983,10.285645703312529,Sweden,32.143628087915936,1
1984,10.347721822541967,Sweden,33.471017375552684,1
1985,10.636515912897837,Sweden,34.120474343209764,1
1986,10.685748360166965,Sweden,34.92594328250783,1
1987,11.245695285595536,Sweden,35.94298816296313,1
1988,11.766095688127583,Sweden,36.67117646651654,1
1989,12.285647169368099,Sweden,37.428071136510454,1
1990,12.209641648184896,Sweden,37.477235247488544,1
1991,12.197101449275362,Sweden,36.7986229053442,1
1992,12.236675492114655,Sweden,36.11268291295542,1
1993,11.889790785412142,Sweden,35.12413449678282,1
1994,11.957263014321438,Sweden,36.347940960481075,1
1995,12.041647804436396,Sweden,37.648088309278094,1
1996,12.066824698047185,Sweden,38.12030637650447,1
1997,12.120532190776864,Sweden,39.18174875267787,1
1998,12.191635666779392,Sweden,40.828673442607936,1
1999,12.435027611856194,Sweden,42.66865417624923,1
2000,12.753096149515875,Sweden,44.643856496108704,1
2001,12.864014385255114,Sweden,45.260291550769836,1
2002,13.041587266001569,Sweden,46.07968885740108,1
2003,13.080549659255949,Sweden,47.020905458145386,1
2004,13.1327994661328,Sweden,48.834231231014,1
2005,13.02245823653059,Sweden,49.943905592043855,1
2006,12.967348284960421,Sweden,51.95769324256541,1
2007,13.114809560187712,Sweden,53.333975635708825,1
2008,12.901689042875702,Sweden,52.61768392279531,1
2009,12.741329324600034,Sweden,49.47715029352456,1
2010,12.559637912673056,Sweden,52.0668687911841,1
2011,12.601035174817786,Sweden,53.02702397142706,1
2012,12.415278214397988,Sweden,52.44768628981158,1
2013,12.327718860469952,Sweden,52.68312526805209,1
2014,12.449855550969872,Sweden,53.641180336795166,1
2015,12.53374295954941,Sweden,55.61285922299027,1
2016,12.715839772265147,Sweden,56.693283025207144,1
2017,12.798081776880364,Sweden,57.48326755544864,1
2018,12.683513838748496,Sweden,58.443928644736516,1
1980,7.827927911900244,U.K.,21.906062571718984,0
1981,7.861830988420698,U.K.,21.73252811032577,0
1982,8.072402695542397,U.K.,22.161590559350607,0
1983,8.156085079162002,U.K.,23.082457746670485,0
1984,8.520760477872651,U.K.,23.58440129453429,0
1985,8.682241996667509,U.K.,24.538560629896878,0
1986,9.05378668683543,U.K.,25.256415253525113,0
1987,9.654349061032864,U.K.,26.533289564001333,0
1988,10.258976544100804,U.K.,27.981773812771724,0
1989,11.025015861621092,U.K.,28.61963266001817,0
1990,11.089859141666977,U.K.,28.748336302185482,0
1991,10.925110595032379,U.K.,28.35804944480263,0
1992,10.889260770114543,U.K.,28.38729966240034,0
1993,11.29995486267838,U.K.,29.02580354740287,0
1994,11.386181465644098,U.K.,30.06797653031028,0
1995,11.413381205551357,U.K.,30.720695016760004,0
1996,11.451035413153457,U.K.,31.401933574929235,0
1997,11.600124213216272,U.K.,32.56188058533393,0
1998,11.631815460605024,U.K.,33.46709396630918,0
1999,11.722301961986512,U.K.,34.4224435138527,0
2000,11.626462883763557,U.K.,35.558369576343274,0
2001,11.804617409173959,U.K.,36.33905855569445,0
2002,12.12991722347706,U.K.,37.105457293176684,0
2003,11.993692834237168,U.K.,38.1882772690498,0
2004,11.916657910911413,U.K.,38.887516173556946,0
2005,11.763162987659236,U.K.,39.81553014929381,0
2006,11.721338064155473,U.K.,40.435910936395324,0
2007,11.614832674314538,U.K.,40.961878705709466,0
2008,11.421849999195429,U.K.,40.3156648513557,0
2009,11.23981502809214,U.K.,38.20682070207434,0
2010,10.879645726441852,U.K.,38.65269307191538,0
2011,10.72953668738871,U.K.,38.943556664359576,0
2012,10.686683680743895,U.K.,39.1991203748547,0
2013,10.498382298719685,U.K.,39.71873500231788,0
2014,10.607177176222429,U.K.,40.61509152457851,0
2015,10.544996951108411,U.K.,41.29336925035113,0
2016,10.556344630305574,U.K.,41.75451698085727,0
2017,10.607723816446116,U.K.,42.24233221278493,0
2018,10.544523231360387,U.K.,42.56796623085215,0
1990,0.879445033540293,India,0.5791384889659278,0
1991,0.994332825071555,India,0.5734424929680987,0
1992,1.1046258304401044,India,0.592884486396646,0
1993,1.2105479381154276,India,0.6089321754638822,0
1994,1.3122740857147086,India,0.6369813204147993,0
1995,1.4099788053610092,India,0.6722054403390818,0
1996,1.5038534556911027,India,0.7093817116211578,0
1997,1.5941212908382456,India,0.7244418134030934,0
1998,1.681024910641076,India,0.7552219019698396,0
1999,1.7648339495480985,India,0.8073184108796787,0
2000,1.964837361439215,India,0.8236345354334721,0
2001,2.2446511627906975,India,0.8485695630450582,0
2002,2.5747335859590583,India,0.8660914781541801,0
2003,2.76197613544659,India,0.9188685307091037,0
2004,3.0709360556575067,India,0.9757804489514975,0
2005,3.705091450928452,India,1.0365900211907793,0
2006,3.995757992803002,India,1.1029661249885776,0
2007,4.633162864717938,India,1.1696757083451226,0
2008,5.148791924508815,India,1.1882447461300252,0
2009,5.906090532681407,India,1.263711616724534,0
2010,6.812873243613083,India,1.3527065515204297,0
2011,7.580653417452619,India,1.4053803019409328,0
2012,8.210747523266287,India,1.463924205979959,0
2013,9.178337374945615,India,1.5390975782434642,0
2014,10.345005908454839,India,1.634316144290854,0
2015,11.765810379253704,India,1.7453977310457107,0
2016,13.209343481435118,India,1.8675122764090608,0
2017,14.7294679747243,India,1.9802037918664288,0
1980,3.6638940051096194,Japan,27.590255007501042,0
1981,3.681183832632913,Japan,28.341921267808054,0
1982,3.779557710798043,Japan,29.401936811535887,0
1983,3.8542946822997974,Japan,30.729205320035625,0
1984,3.86746321860895,Japan,31.55203863193545,0
1985,4.014185735500431,Japan,32.85650312120538,0
1986,4.080051261539968,Japan,34.906543377680414,0
1987,5.837819830507097,Japan,36.434577795038315,0
1988,6.327887688635345,Japan,38.0588891248938,0
1989,6.8122748047299995,Japan,39.20916660621156,0
1990,6.851612385044777,Japan,39.400039782538855,0
1991,6.958600816457215,Japan,39.06264070379412,0
1992,7.087464394283936,Japan,39.324334007298674,0
1993,7.07894548434057,Japan,40.28181449471788,0
1994,7.114071065345529,Japan,41.41655614974455,0
1995,7.260072013611364,Japan,41.75885656753255,0
1996,7.357000726445843,Japan,41.196688959307515,0
1997,7.446998652407992,Japan,41.01225802078358,0
1998,7.511253412210798,Japan,42.07797291938726,0
1999,7.504853682672825,Japan,42.17959859190189,0
2000,7.459388036761707,Japan,42.16380041698033,0
2001,7.472109557292074,Japan,42.74447110584979,0
2002,7.4704010383680615,Japan,43.62570939427915,0
2003,7.451201799184745,Japan,44.29391705076996,0
2004,7.391056441296683,Japan,44.87173442204416,0
2005,7.270584293128439,Japan,45.57063239449722,0
2006,7.1477694805447625,Japan,45.03825827295344,0
2007,7.152567435055333,Japan,42.57526053624099,0
2008,7.047720925166674,Japan,44.344373655563686,0
2009,6.990937730932286,Japan,44.287677210143514,0
1992,0.9858287122612447,Albania,1.2437455535155348,0
1993,1.4397496087636932,Albania,1.3849042017881488,0
1994,1.536383857642199,Albania,1.522728023280558,0
1995,1.591712174751044,Albania,1.7440938658550396,0
1996,1.688609228783484,Albania,1.9114025949316342,0
1997,1.2003225806451612,Albania,1.7021280719387915,0
1998,1.5827708132433267,Albania,1.8458760309663855,0
1999,1.6596221581812358,Albania,2.0758025431686433,0
2000,1.6935123042505615,Albania,2.215813813250687,0
2001,1.7156549520766775,Albania,2.3987381603009403,0
2002,1.9401791426743444,Albania,2.510849665314131,0
2003,2.083066067992303,Albania,2.6564980409633203,0
2004,2.087278582930757,Albania,2.8146061920313445,0
2005,2.243278263686434,Albania,2.9875733993723146,0
2006,2.3996082272282075,Albania,3.188630159174427,0
2007,2.3203691496374423,Albania,3.411610816447611,0
2008,2.1435231435231437,Albania,3.7053413403816235,0
2009,2.478977463841238,Albania,3.8681126506970944,0
2010,2.6814789687924017,Albania,4.0456391416055375,0
2011,2.724479344486173,Albania,4.175715578339051,0
2012,2.6207961564859388,Albania,4.2568107296034645,0
2013,2.978650137741047,Albania,4.314184188842773,0
1997,0.5189913820619214,Armenia,1.172170523367406,0
1998,0.5284657446124156,Armenia,1.2674481203871242,0
1999,0.4600194237617352,Armenia,1.3177508326092366,0
2000,0.4680781758957623,Armenia,1.404134769004797,0
2001,0.5499836119305145,Armenia,1.5479028127264562,0
2002,0.5975609756097561,Armenia,1.7618307881867643,0
2003,0.6491053677932406,Armenia,2.019857554502089,0
2004,0.688437187604132,Armenia,2.2439329038656224,0
2005,0.7457229117745723,Armenia,2.5722123919937765,0
2006,0.8235294117647058,Armenia,2.934333035234989,0
2007,0.8595294919877259,Armenia,3.3662306990104858,0
2008,0.8669188445667125,Armenia,3.6294368471043312,0
1985,1.179567956795678,Azerbaijan,3.6151710301950604,0
1986,1.2214190883611151,Azerbaijan,3.664855180473907,0
1987,1.2348759611199769,Azerbaijan,3.715714919935476,0
1988,1.1543509272467904,Azerbaijan,3.7724928917116176,0
1989,1.121369440157149,Azerbaijan,3.5476202849035796,0
1990,1.0327212481016168,Azerbaijan,3.082379672008215,0
1991,1.0475672737156823,Azerbaijan,3.012965120158464,0
1992,0.9356263383297644,Azerbaijan,2.296455156624445,0
1993,0.8505671326826695,Azerbaijan,1.7403532414095473,0
1994,0.7019781363872983,Azerbaijan,1.3789527432363768,0
1995,0.5998713826366558,Azerbaijan,1.2020011730132762,0
1996,0.6370926680244399,Azerbaijan,1.205072747714165,0
1997,0.8320716628816552,Azerbaijan,1.263706906107138,0
1998,1.0659574468085105,Azerbaijan,1.378942998091181,0
1999,1.1052892972436055,Azerbaijan,1.4692162768788097,0
2000,1.126800443186014,Azerbaijan,1.6184339202801965,0
2001,1.151884835915579,Azerbaijan,1.7626017670202683,0
2002,1.1602029720913376,Azerbaijan,1.9305956108754165,0
2003,1.1794043774668101,Azerbaijan,2.1252540321017035,0
2004,1.2165936797254113,Azerbaijan,2.3176365031873227,0
2005,1.2755591989694344,Azerbaijan,2.898616189908641,0
2006,1.3657010428736962,Azerbaijan,3.8575292876808276,0
2007,1.4778771205868753,Azerbaijan,4.771825535917216,0
2008,1.59158920879618,Azerbaijan,5.22714838422742,0
2009,1.713469296279684,Azerbaijan,5.6536891224244314,0
2010,1.8415633303808678,Azerbaijan,5.857252673410123,0
2011,1.9969385523726217,Azerbaijan,5.788058596472758,0
2012,2.1623313545601723,Azerbaijan,5.839418348465748,0
2013,2.331379861481087,Azerbaijan,6.098917664907432,0
2014,2.418682937092352,Azerbaijan,6.141711555479351,0
2015,2.4758391354047595,Azerbaijan,6.133775930078612,0
2016,2.5091413311421524,Azerbaijan,5.874644368029855,0
2017,2.527780599288979,Azerbaijan,5.8154124060883134,0
2018,2.5403015075376887,Azerbaijan,5.835341257066584,0
1994,1.2014246141670084,Belarus,2.335499150978537,0
1995,1.1490375074419528,Belarus,2.0988363669869163,0
1996,0.9575908412145345,Belarus,2.164692021887833,0
1997,1.0442601658507342,Belarus,2.420140713384809,0
1998,1.1688064192577632,Belarus,2.63369434934442,0
1999,1.2709592906086256,Belarus,2.735862901065677,0
2000,1.269651539708266,Belarus,2.9097897886650297,0
2001,1.3003771277137905,Belarus,3.0662329380889632,0
2002,1.270264723989329,Belarus,3.242414197759317,0
2003,1.2760615766091434,Belarus,3.494809341154779,0
2004,1.2322969741083392,Belarus,3.9200661298179247,0
2005,1.2172139719723907,Belarus,4.313220191864607,0
2006,1.2203425449196177,Belarus,4.766975892646054,0
2007,1.2451218225925536,Belarus,5.196592976506055,0
2008,1.120385062942981,Belarus,5.743608037895543,0
2009,1.01155517862822,Belarus,5.767297355516786,0
2010,1.3282029508544742,Belarus,6.224965203935814,0
2011,1.3050451407328734,Belarus,6.56396842547319,0
2012,1.3161304024636296,Belarus,6.673293748174843,0
2013,1.3718166383701083,Belarus,6.735251593468347,0
2014,1.2817005937234944,Belarus,6.845716908384522,0
2015,1.2113571352897552,Belarus,6.578672764500593,0
2016,1.2723904298115605,Belarus,6.407714510983692,0
2017,1.305396825396815,Belarus,6.560125199575273,0
2018,1.3380937268591981,Belarus,6.758057628499634,0
1980,1.2223993622957334,Georgia,3.4969363282904204,0
1981,1.2708374579291228,Georgia,3.657084789589546,0
1982,1.3474926253687316,Georgia,3.705340735211368,0
1983,1.3969152674736431,Georgia,3.8368224352889118,0
1984,1.4659178931061194,Georgia,4.012144784609723,0
1985,1.5676453655728266,Georgia,4.172435856396213,0
1986,1.6147712170115815,Georgia,3.790592318901147,0
1987,1.6953256992678807,Georgia,3.7959471012070365,0
1988,1.7004274298457536,Georgia,3.9666233796476096,0
1989,1.5788987435328898,Georgia,3.6601304831719803,0
1990,1.5406654343807764,Georgia,3.120015509247559,0
1991,1.3232830820770545,Georgia,2.478644099289675,0
1992,0.4047888386123688,Georgia,1.3834996820395196,0
1993,0.18314455749664044,Georgia,0.9959732234352129,0
1994,0.22268000784775402,Georgia,0.9120012559866442,0
1995,0.3229501607717042,Georgia,0.9584666448390752,0
1996,0.3331957912110591,Georgia,1.0941809222750867,0
1997,0.721868365180467,Georgia,1.2444526526578672,0
1998,0.8546448087431694,Georgia,1.320953369140625,0
1999,0.9670181736594121,Georgia,1.3948308530879818,0
2000,1.0339293901879871,Georgia,1.4514091199606398,0
2001,1.1086804747498231,Georgia,1.5441660606947116,0
2002,1.155200751350085,Georgia,1.643222944085438,0
2003,1.2149091766926163,Georgia,1.8335423623652187,0
2004,1.2304779933743493,Georgia,1.9457813015606975,0
2005,1.2475059382422802,Georgia,2.140452459702299,0
2006,1.2575178997613363,Georgia,2.3532783216963518,0
2007,1.2997360211183107,Georgia,2.663915152168686,0
2008,1.3439536567704562,Georgia,2.7441360396289207,0
2009,1.3896576839038604,Georgia,2.6593779035782634,0
2010,1.4357160282995851,Georgia,2.8393601870996306,0
2011,1.482234746385687,Georgia,3.0578329585925292,0
2012,1.5302657480314934,Georgia,3.265623501905306,0
2013,1.578908372437643,Georgia,3.388739303472051,0
2014,1.6287484510532837,Georgia,3.5577133537963714,0
2015,1.6789264413518887,Georgia,3.6701921440261023,0
2016,1.7298132004981321,Georgia,3.7832165120696075,0
2017,1.7809179346470487,Georgia,3.972003810213651,0
2018,1.8335248563577315,Georgia,4.165612725118026,0
1989,11.76984126984127,Iceland,31.06770250532362,0
1990,11.780392156862705,Iceland,31.061222973991843,0
1991,12.844961240310038,Iceland,30.631423920624016,0
1992,12.823076923076883,Iceland,29.37027491056002,0
1993,12.64638783269962,Iceland,29.416617331849302,0
1994,12.954716981132075,Iceland,30.248195720168777,0
1995,12.936567164179104,Iceland,29.94446612116116,0
1996,13.55185185185185,Iceland,31.144905090332028,0
1997,13.695970695970695,Iceland,32.374811696482226,0
1998,14.014545454545416,Iceland,34.395093050870024,0
1999,14.802158273381295,Iceland,35.34898140447603,0
2000,15.178571428571427,Iceland,36.71197550637381,0
2001,15.752650176678447,Iceland,37.749394932399795,0
2002,16.080701754385966,Iceland,37.69084194250274,0
2003,16.357638888888893,Iceland,38.17723857031928,0
2004,16.68384879725086,Iceland,40.83442032542016,0
2005,17.440677966101696,Iceland,42.854881286621094,0
2006,18.183333333333334,Iceland,44.25491015116374,0
2007,18.78688524590164,Iceland,47.63349314204982,0
2008,17.964630225080384,Iceland,47.48947597393269,0
2009,17.870253164556964,Iceland,43.69762879383715,0
2010,17.4875,Iceland,42.761531472206116,0
2011,16.693498452012435,Iceland,43.16150145634053,0
2012,16.73006134969325,Iceland,43.318722145689044,0
2013,17.159021406727827,Iceland,44.97150397811096,0
2014,17.930091185410387,Iceland,45.62797082593752,0
2015,19.078787878787878,Iceland,47.52212004228072,0
2016,21.990963855421686,Iceland,50.70837434515895,0
2017,23.904191616766536,Iceland,52.43345363411376,0
1980,8.643661282427802,Norway,48.53373045321486,0
1981,8.554281532080996,Norway,49.15304525970511,0
1982,8.533803501945526,Norway,49.112958203030004,0
1983,8.62739393939394,Norway,50.90317604758523,0
1984,8.814403093281777,Norway,53.814463479441685,0
1985,10.031061882976163,Norway,56.597787961309976,0
1986,10.629647397457424,Norway,58.65966035582574,0
1987,10.983759254836396,Norway,59.431583977611126,0
1988,11.139087018544934,Norway,59.01203527373469,0
1989,11.202555608140084,Norway,59.34257164308374,0
1990,11.143630798210502,Norway,60.19022820106473,0
1991,10.98149449519794,Norway,61.727145372159754,0
1992,10.95620778010715,Norway,63.57610539459221,0
1993,11.065786425758628,Norway,65.02154228558605,0
1994,11.167204053431599,Norway,67.9153730549718,0
1995,11.101900618273413,Norway,70.33159881864337,0
1996,11.5058046892784,Norway,73.43067678915676,0
1997,11.743438914027148,Norway,76.83899478135605,0
1998,12.025635259725657,Norway,78.37677859766767,0
1999,12.183281180151988,Norway,79.4722276124029,0
2000,12.294732162702802,Norway,81.56377279803499,0
2001,12.483528631439311,Norway,82.8228245629111,0
2002,12.673119225692895,Norway,83.58851918238561,0
2003,12.692997811816191,Norway,83.91438490452339,0
2004,12.738799478033929,Norway,86.7053509380777,0
2005,12.594775474956823,Norway,88.32798432397925,0
2006,12.66766531136315,Norway,89.6499865626003,0
2007,12.914388641661397,Norway,91.42610485661376,0
2008,13.016767973171243,Norway,90.86441618919973,0
2009,12.998549823907188,Norway,88.29153253347059,0
2010,12.836266884977487,Norway,87.82869043088671,0
2011,12.874090541632983,Norway,87.57110941092044,0
2012,12.862385321100945,Norway,88.77038213899537,0
2013,12.849773577475881,Norway,88.54956194086557,0
2014,12.983274990276158,Norway,89.19218012165439,0
2015,13.218846153846153,Norway,89.93488018329326,0
2016,13.212911826318795,Norway,90.11886733256165,0
1980,2.6393129770992365,Serbia,3.4216624715160138,0
1981,2.6701168614357265,Serbia,3.4793236020809424,0
1982,2.700816957385736,Serbia,3.539777112654646,0
1983,2.85056967572305,Serbia,3.6026998949510607,0
1984,2.8931795931687043,Serbia,3.6689486919076506,0
1985,2.706257430022695,Serbia,3.738624707152621,0
1986,2.7370513647109393,Serbia,3.8126484952689297,0
1987,2.8409965782720272,Serbia,3.891175174631554,0
1988,2.5482600830052036,Serbia,3.9718366498907565,0
1989,2.6384509575706274,Serbia,5.775268008981151,0
1990,2.444210968690904,Serbia,5.275846554667396,0
1991,2.18525460793502,Serbia,4.619217038117361,0
1992,1.9118647562106998,Serbia,3.2858428310185483,0
1993,1.0200102092904544,Serbia,2.26404152091758,0
1994,1.2047252078685764,Serbia,2.3070106978253015,0
1995,1.3047349251315155,Serbia,2.43278477945486,0
1996,1.6940949675324675,Serbia,2.4988869955013326,0
1980,10.700350095480585,Switzerland,55.20013606449664,0
1981,10.696315120711562,Switzerland,55.97718273972313,0
1982,11.053156146179402,Switzerland,55.02571355804313,0
1983,11.147553877615227,Switzerland,55.06376824852279,0
1984,11.416353971232006,Switzerland,56.374483663190375,0
1985,11.260916860916861,Switzerland,58.09124144085082,0
1998,10.999576988155669,Switzerland,64.98613266103092,0
1999,11.09950808151792,Switzerland,65.87383299751845,0
2000,11.26805711086226,Switzerland,68.18923864759763,0
2001,11.298091656219544,Switzerland,68.74736356011249,0
2002,11.357756232686967,Switzerland,68.46812662985847,0
2003,11.38882773802972,Switzerland,68.04286219880814,0
2004,11.412752594210815,Switzerland,69.39717682901463,0
2005,11.362799512657372,Switzerland,70.94877931670503,0
2006,11.368061142397426,Switzerland,73.07629266863194,0
2007,11.378134536287648,Switzerland,75.28365434948006,0
2008,11.495039250951084,Switzerland,76.03816293003094,0
2009,11.698114987036572,Switzerland,73.47144516818052,0
2010,11.834983649635037,Switzerland,74.75692078801303,0
2011,11.812337094979132,Switzerland,75.08018168484017,0
2012,11.861584762737264,Switzerland,74.87903941761364,0
2013,11.883406151190037,Switzerland,75.31592260528426,0
2014,11.908392621252743,Switzerland,76.24848505476176,0
2015,11.951076727732916,Switzerland,76.41772964107885,0
2016,12.0854415274463,Switzerland,76.8723444608629,0
2017,12.189275804162724,Switzerland,77.41305550653752,0
1980,1.6628843005275604,Turkey,4.986516818233419,0
1981,1.7002534009069086,Turkey,5.11107534220497,0
1982,1.7384030418250953,Turkey,5.1739326240833785,0
1983,1.7778769145794828,Turkey,5.3102180763455165,0
1984,1.8194080724944923,Turkey,5.544036841131869,0
1985,1.8635975088533436,Turkey,5.659205177820487,0
1986,1.8669233377885057,Turkey,5.935825706396248,0
1987,2.192403279779241,Turkey,6.375254111496106,0
1988,2.462865485841631,Turkey,6.403780828112405,0
1989,2.5255321557971016,Turkey,6.308686330122648,0
1990,2.503449426950039,Turkey,6.774369777431696,0
1991,2.3892525665104576,Turkey,6.708824978652776,0
1992,2.5502340849163256,Turkey,6.931885391862422,0
1993,2.5775585130793988,Turkey,7.34305858999228,0
1994,2.4449829754707846,Turkey,6.889610457524735,0
1995,2.653660705126013,Turkey,7.3152246062024995,0
1996,2.8250172492132504,Turkey,7.731202646833927,0
1997,2.9974823182548493,Turkey,8.186173901464645,0
1998,3.0353660525028534,Turkey,8.244436436019791,0
1999,2.81336394432225,Turkey,7.842631496734621,0
2000,2.936132194813393,Turkey,8.237361244428467,0
2001,2.620435568295099,Turkey,7.6313422898114744,0
2002,2.507130247908512,Turkey,8.003234746167204,0
2003,2.486207992252856,Turkey,8.331356548733053,0
2004,2.601244571786722,Turkey,9.009167418350627,0
2005,2.682532435974846,Turkey,9.691872800458466,0
2006,2.728347659147432,Turkey,10.25200392238472,0
2007,3.00530309562818,Turkey,10.64005786478768,0
2008,2.926738522273804,Turkey,10.602452970678192,0
2009,2.9789823474152075,Turkey,9.975884399679355,0
2010,3.1373207792387214,Turkey,10.67204268191253,0
2011,3.2986806094522283,Turkey,11.677890360658095,0
2012,3.4677901166762672,Turkey,12.039228925474877,0
2013,3.532143562726375,Turkey,12.842349145692706,0
2014,3.5747322896839266,Turkey,13.2778276244594,0
2015,3.7022501241579544,Turkey,13.852717949937285,0
2016,3.7687528185599035,Turkey,14.061168707545441,0
2017,3.880048325854332,Turkey,14.867609060635386,0
2018,4.000036434296818,Turkey,15.022522076432322,0
1994,0.752887978373979,Argentina,8.042505299376598,0
1995,0.6562199583668312,Argentina,7.718329946058576,0
1996,0.6299578647222379,Argentina,8.048303402059364,0
1997,0.6388084244327903,Argentina,8.600812426765344,0
1998,0.6929557973546293,Argentina,8.83140190566032,0
1999,0.7168081045877094,Argentina,8.43789151407437,0
2000,0.690627256651569,Argentina,8.279591683197415,0
2001,0.6783623229423776,Argentina,7.828566838467216,0
2002,0.6583493131999381,Argentina,6.900526372422528,0
2003,0.7401229481726528,Argentina,7.4302715004254125,0
2004,0.7853892720565313,Argentina,8.016165906075045,0
2005,0.8479815527215694,Argentina,8.635764496804534,0
2006,0.9176559429880377,Argentina,9.236416485389094,0
2007,0.9187492432718476,Argentina,9.968437238658055,0
2008,0.931344617015968,Argentina,10.270393965486996,0
2009,0.9393544112343454,Argentina,9.566348976489746,0
2010,1.0751680340375587,Argentina,10.428589088069813,0
2011,1.0459828789932237,Argentina,10.941279984628357,0
2012,1.055069899413244,Argentina,10.71616113292944,0
2013,1.017170557872784,Argentina,10.859228443880196,0
2014,1.0169643423706554,Argentina,10.476635613927497,0
2015,1.033974673940801,Argentina,10.653579189413449,0
2016,1.076552932793969,Argentina,10.355319610312327,0
2017,1.110325041991943,Argentina,10.546913757331165,0
1991,1.747628314278764,Russia,9.071403917272256,1
1992,1.4572432538156996,Russia,7.738955989620217,1
1993,1.3636351382317657,Russia,7.063099644679577,1
1994,1.3159037135403677,Russia,6.176326305230824,1
1995,1.2767309599465615,Russia,5.925281373359146,1
1996,1.2286432330547694,Russia,5.7199207949959385,1
1997,1.2165098490489408,Russia,5.811424412885839,1
1998,1.1666044611532225,Russia,5.517200219878818,1
1999,1.1715061667891857,Russia,5.888082079534394,1
2000,1.1857245312660019,Russia,6.4994964438063505,1
2001,1.1788714333715054,Russia,6.857335024280032,1
2002,1.1736654363155574,Russia,7.213042769047488,1
2003,1.1464895478213968,Russia,7.771674553846181,1
2004,1.1692173152601661,Russia,8.36000459648132,1
2005,0.9884111030680997,Russia,8.918370095490944,1
2006,0.9463609547917409,Russia,9.663616702416007,1
2007,1.0447279884969218,Russia,10.498443079928682,1
2008,1.0603704039818778,Russia,11.050708414631167,1
2009,0.9858575146343677,Russia,10.18090100292949,1
2010,0.9801294963026016,Russia,10.62814948365709,1
2011,0.9642596187971024,Russia,11.17239269643814,1
2012,0.9257746850563219,Russia,11.557440924187814,1
2013,0.8756556383162931,Russia,11.736801943043046,1
2014,0.8803304185532091,Russia,11.795702436448002,1
2015,0.8733455185019139,Russia,11.436792289396315,1
2016,0.856492858372053,Russia,11.388290896306573,1
2017,0.8482237339380196,Russia,11.555560118618155,1
2018,0.8432623821482975,Russia,11.799579051666907,1
2001,5.607785184253552,South Korea,15.557076542881136,0
2002,5.103229166666667,South Korea,16.610977172851562,0
2003,4.949358695426949,South Korea,17.0057431956089,0
2004,3.9218650114449507,South Korea,17.753652206407367,0
2005,4.122687419149504,South Korea,18.371449185383128,0
2006,4.180421440261865,South Korea,19.251623325379118,0
2007,4.183909452431936,South Korea,20.239237896878507,0
2008,6.235208002927913,South Korea,20.749644853871885,0
2009,6.297991772549496,South Korea,20.826580097004378,0
2010,7.64669196302426,South Korea,22.090557851226638,0
2011,7.297593701040452,South Korea,22.793451970527606,0
2012,7.095343680709534,South Korea,23.187885096588413,0
2013,7.149088308902396,South Korea,23.724389238190472,0
2014,7.2817736326272335,South Korea,24.39020225001482,0
2015,7.438443224524329,South Korea,24.96468912712379,0
2016,7.334189827981876,South Korea,25.61534039609404,0
2017,7.4732660090809455,South Korea,26.341493390658027,0
1980,14.96205703428681,U.S.,28.4525324645878,0
1985,14.651692307692308,U.S.,31.960793350441786,0
1990,15.337593209582739,U.S.,35.95277283015032,0
1991,14.68208801008883,U.S.,35.58471684962815,0
1992,14.595581168212117,U.S.,36.49830286493496,0
1993,14.529645669898125,U.S.,37.13333639975032,0
1994,14.640243135131426,U.S.,38.23356455750626,0
1995,14.705714199514263,U.S.,38.84020611418782,0
1996,14.851077943615257,U.S.,39.83812357920137,0
1997,15.009451114039026,U.S.,41.10802166984403,0
1998,15.278379213227945,U.S.,42.39724933565004,0
1999,15.354635466777717,U.S.,43.84619008101835,0
2000,15.455129547656997,U.S.,45.12801281166692,0
2001,15.304306273892513,U.S.,45.104616755765825,0
2002,15.492468993556786,U.S.,45.48339019407092,0
2003,15.468873354128139,U.S.,46.350677563523064,0
2004,15.57855347095141,U.S.,47.68761570906945,0
2005,15.533468477324961,U.S.,48.84198584865285,0
2006,15.213907891952855,U.S.,49.678776239761014,0
2007,19.448291462635723,U.S.,50.08314659373669,0
2008,18.63104064108394,U.S.,49.463534510241004,0
2009,19.539065254580358,U.S.,47.647602403055096,0
2010,19.383882774399677,U.S.,48.5162397384318,0
2011,19.405681934887543,U.S.,48.861795570175296,0
2012,19.49286087299869,U.S.,49.56960524440843,0
2013,19.477179275666007,U.S.,50.10664930045259,0
2014,19.39849312618264,U.S.,50.969254974927274,0
2015,19.92359033028129,U.S.,52.077291155049586,0
2016,20.160165440721265,U.S.,52.54335916216241,0
2017,20.174111386252797,U.S.,53.36642123406187,0
